{"cameraMode":{"drawMode":0,"name":"Shaded","section":"Shading Mode"},"sceneLighting":true,"audioPlay":false,"sceneViewState":{"showFog":true,"showMaterialUpdate":false,"showSkybox":true,"showFlares":true,"showImageEffects":true,"showParticleSystems":true},"in2DMode":false,"pivot":{"x":0.08400481939315796,"y":1.1739840507507325,"z":-0.3583717346191406},"rotation":{"x":-0.14824961125850678,"y":-0.012759266421198845,"z":0.0019152333261445165,"w":-0.9888709783554077},"size":12.166435241699219,"orthographic":false}