{"cameraMode":{"drawMode":0,"name":"Shaded","section":"Shading Mode"},"sceneLighting":false,"audioPlay":false,"sceneViewState":{"showFog":true,"showMaterialUpdate":false,"showSkybox":false,"showFlares":true,"showImageEffects":true,"showParticleSystems":true},"in2DMode":false,"pivot":{"x":0.0,"y":-0.20999997854232789,"z":-0.8700000047683716},"rotation":{"x":-0.14136335253715516,"y":0.828679621219635,"z":-0.24171215295791627,"w":-0.48464635014533999},"size":2.8578836917877199,"orthographic":false}