{"cameraMode":{"drawMode":0,"name":"Shaded","section":"Shading Mode"},"sceneLighting":true,"audioPlay":false,"sceneViewState":{"showFog":true,"showMaterialUpdate":false,"showSkybox":true,"showFlares":true,"showImageEffects":true,"showParticleSystems":true},"in2DMode":false,"pivot":{"x":0.08400483429431915,"y":1.1739840507507325,"z":-0.3583717346191406},"rotation":{"x":-0.19289249181747437,"y":-0.23097631335258485,"z":0.046775463968515399,"w":-0.9525001049041748},"size":11.791688919067383,"orthographic":false}