{"cameraMode":{"drawMode":0,"name":"Shaded","section":"Shading Mode"},"sceneLighting":true,"audioPlay":false,"sceneViewState":{"showFog":true,"showMaterialUpdate":false,"showSkybox":true,"showFlares":true,"showImageEffects":true,"showParticleSystems":true},"in2DMode":false,"pivot":{"x":-0.7409122586250305,"y":0.8207176327705383,"z":-0.705851674079895},"rotation":{"x":-0.3456868827342987,"y":0.5746285319328308,"z":-0.2910952866077423,"w":-0.6823575496673584},"size":6.674147129058838,"orthographic":false}