{"cameraMode":{"drawMode":0,"name":"Shaded","section":"Shading Mode"},"sceneLighting":true,"audioPlay":false,"sceneViewState":{"showFog":true,"showMaterialUpdate":false,"showSkybox":true,"showFlares":true,"showImageEffects":true,"showParticleSystems":true},"in2DMode":false,"pivot":{"x":0.08400483429431915,"y":1.1739840507507325,"z":-0.3583717346191406},"rotation":{"x":-0.05083692446351051,"y":0.13203521072864533,"z":-0.006780463270843029,"w":-0.9899183511734009},"size":7.999475479125977,"orthographic":false}