{"cameraMode":{"drawMode":0,"name":"Shaded","section":"Shading Mode"},"sceneLighting":false,"audioPlay":false,"sceneViewState":{"showFog":true,"showMaterialUpdate":false,"showSkybox":false,"showFlares":true,"showImageEffects":true,"showParticleSystems":true},"in2DMode":false,"pivot":{"x":0.4042372703552246,"y":-1.897536039352417,"z":0.0},"rotation":{"x":-0.17738677561283112,"y":-0.07167654484510422,"z":0.012957526370882988,"w":-0.9814473390579224},"size":8.141866683959961,"orthographic":false}