{"cameraMode":{"drawMode":0,"name":"Shaded","section":"Shading Mode"},"sceneLighting":true,"audioPlay":false,"sceneViewState":{"showFog":true,"showMaterialUpdate":false,"showSkybox":true,"showFlares":true,"showImageEffects":true,"showParticleSystems":true},"in2DMode":false,"pivot":{"x":-2.1221628189086916,"y":-7.342014312744141,"z":5.218878746032715},"rotation":{"x":-0.6098636984825134,"y":-0.011419854126870633,"z":0.008780415169894696,"w":-0.7924910187721252},"size":8.359406471252442,"orthographic":false}