{"cameraMode":{"drawMode":0,"name":"Shaded","section":"Shading Mode"},"sceneLighting":true,"audioPlay":false,"sceneViewState":{"showFog":true,"showMaterialUpdate":false,"showSkybox":true,"showFlares":true,"showImageEffects":true,"showParticleSystems":true},"in2DMode":false,"pivot":{"x":0.08400481939315796,"y":1.1739840507507325,"z":-0.3583717346191406},"rotation":{"x":-0.31707072257995608,"y":0.030435238033533098,"z":-0.01017850823700428,"w":-0.9478639960289002},"size":12.166435241699219,"orthographic":false}