{"cameraMode":{"drawMode":0,"name":"Shaded","section":"Shading Mode"},"sceneLighting":false,"audioPlay":false,"sceneViewState":{"showFog":true,"showMaterialUpdate":false,"showSkybox":false,"showFlares":true,"showImageEffects":true,"showParticleSystems":true},"in2DMode":false,"pivot":{"x":-1.718005895614624,"y":0.5752813816070557,"z":-2.9205105304718019},"rotation":{"x":-0.08539625257253647,"y":-0.08448892831802368,"z":0.007269795052707195,"w":-0.9927375316619873},"size":2.8578836917877199,"orthographic":false}